Name,Phone Number
কম্পিউটার ম্যানিয়া বিডি,· 09613-660044
Laptop Tools BD | Used Laptop Shop - Cheap & Original,· 01996-666301
নেক্সাস কম্পিউটার ~ আইডিবি,· 09638-017907
ল্যাপটপ ওয়ার্ল্ড বিডি,· 01861-999948
GreenTech System Limited,· 01729-080311
ল্যাপটপ বিডি,· 01716-173013
ল্যাপটপ বায় সেল,· 01979-800962
বাংলাদেশ ল্যাপটপ গ্যালারি,Not Found
ল্যাপটপ সোর্স,· 01724-406156
𝗔𝗕𝗡 𝗧𝗲𝗰𝗵𝗻𝗼𝗹𝗼𝗴𝘆 | 𝗕𝗲𝘀𝘁 𝗨𝘀𝗲𝗱 𝗟𝗮𝗽𝘁𝗼𝗽 𝗦𝗵𝗼𝗽 𝗶𝗻 𝗗𝗵𝗮𝗸𝗮,· 01322-992004
PCB Store,· 01711-745116
কম্পিউটার ভিলেজ - চৌমুহনী শাখা,· 01711-436745
সর্দার টেক | ইউজড ল্যাপটপ শপ ইন ঢাকা,· 01733-449239
ল্যাপটপ বিডি,· 01838-994422
রায়ান্স কম্পিউটার্স- আগ্রাবাদ,· 01755-554929
ইউ টেক বিডী,· 01711-385849
রায়ান্স কম্পিউটার্স- আইডিবি ভবন,· 09604-442121
সোহান কম্পিউটার,· 01866-491005
ডিজিটাল আউটলেট বিডি,· 01778-778574
"জননী কমপিউটার্স, আগ্রাবাদ",· 01611-882045
টেকল্যান্ড - বিডি।।,· 09613-828201
ইট বিডি শপ,· 01710-913417
ল্যাপটপ ওয়ার্ল্ড ঢাকা,· 01950-313858
কাজী টেকনোলজি,· 01866-551277
World Computer System,· 01618-927565
ল্যাপি ভ্যালি,· 01712-644209
আবফা কম্পিউটার অ্যান্ড গেজেটস,· 01601-772722
রয়্যাল কম্পিউটার,· 01700-764020
"কম্পিউটার আর্কাইভস ই ট্রাস্টেড অ্যান্ড রিলায়েবল কম্পিউটার, ল্যাপটপ & গেমিং পিসি রিটেইল শপ ইন বাংলাদেশ",· 01917-312270
বিডি ল্যাপটপ বাজার,· 01799-774030
ল্যাপটপ স্টেশন,· 01815-807070
কম্পিউটার মানিয়া বিডি | যমুনা ফিউচার পার্ক ব্রাঞ্চ,· 01331-528483
গ্রিন টেকনোলজি,· 01315-090371
জাঈম ল্যাপটপ & কম্পিউটার,· 01819-882555
"Laptop Ache | Used Laptop Shop in Dhaka, Bangladesh – Best Deals",· 01901-378164
Laptop & Gadget,Not Found
রিজ কম্পিউটার বিডি,· 01628-165623
রায়ানস কম্পিউটার,· 01755-513929
রায়ান্স কম্পিউটার্স- ইউনূস্কো সেন্টার,· 01755-513950
কম্পিউটার সোর্স লিমিটেড,· 01704-118150
বিসিএস কম্পিউটার সিটি,· 01742-413123
টেকল্যান্ড বিডি উত্তরা,· 01324-294324
কম্পিউটার সোর্স লিমিটেড(আই ডি বি ব্রাঞ্চ),· 01725-159458
ঢাকা ল্যাপটপ শপ,Not Found
Binary Logic | বাইনারি লজিক | Computer Shop,· 01611-449778
এসএস কম্পিউটার | মিরপুর-10,· 01643-946107
সেল টেক বিডি,· 01759-546431
মাল্টিপ্ল্যান সেন্টার,Not Found
জামানস ল্যাপটপ,· 01752-986720
Tech Drive,· 01701-561395
কম্পিউটার ক্যাসল,· 01726-300494
বেস্ট ল্যাপটপ গ্যালারী,· 01703-808715
21 টেকনোলজি,· 01304-231600
ল্যাপটপ লাউঞ্জ,· 01631-898580
ল্যাপটপ মার্ট,· 01787-895833
ওয়েষ্টার্ন ল্যাপটপ,· 01642-180664
ইট ভ্যালি,· 01753-331205
Computer Importer Bangladesh,· 01746-971810
"ল্যাপটপ অ্যাকসেসরিজ বিডি,আইডিবি",· 01718-236239
প্ল্যানেট ইট বিডি,· 01719-706250
এইচকে টেকনোলজি,· 01765-576665
MacZen BD,· 01336-740315
ব্রাদার্স গ্যাজেট | ল্যাপটপ শপ,· 01955-996905
ইটিসি কম্পিউটার,· 01746-303749
আর কম্পিউটার্স,· 01631-003820
কম্পিউটার পয়েন্ট,· 01911-266791
কম্পিউটার মানিয়া বিডি চিটাগং ব্রাঞ্চ,· 01772-973021
ল্যাপটপ ইউনিভার্স,· 01819-218941
Alapon Computer,· 01822-906865
ল্যাপটপ টেরিটোরি,Not Found
এমসি সলিউশন বিডি (যমুনা ফিউচার পার্ক),· 01970-328858
ল্যাপটপ ভিলা,Not Found
ওয়ালটন প্লাজা,· 01678-028074
Laptop House BD,· 01773-062835
Z Tech Solution,· 01680-093033
বাইট সিটি বিডি,· 01977-409140
এ১ কমপিউটারস,· 01911-707020
ফারুক ইট সলিউশন,· 01995-758211
কম্পিউটার সিটি টেকনোলজিস লিমিটেড,· 01938-858811
Laptop Point BD,Not Found
কম্পিউটার শপ বাংলাদেশ,· 01836-950152
বিএম কম্পিউটার্স (ঢাকা আউটলেট),· 01966-000225
ইউজড ল্যাপটপ ইন বিডি | ডিভাইস মামা,· 01757-555999
হোসেনস কম্পিউটার,· 01715-150902
ল্যাপটপ লিজেন্ড,Not Found
আইডিবি ভবন,· 01642-399370
ঢাকা টেকনোলজি,· 01810-408060
Quality Mac,· 01851-118757
Tech Heaven IT,· 01671-788868
Laptop Shop,Not Found
City Laptop Zone,· 01805-210882
Dubai Electronics BD,· 01865-355355
ল্যাপটপ সার্ভিস সেন্টের ঢাকা বাংলাদেশ বিডি এমএইচ সিস্টেম শপ # 404,· 01712-595430
কোয়ালিটি টেক,· 01701-003371
TECNO Brand Outlet-Mirpur,· 01911-911421
প্রভেন কম্পিউটার,· 01706-920652
ইউনিভার্স কম্পিউটার কেয়ার,· 01934-386987
FASTECH.bd,· 01708-887450
আপগ্রেড প্রযুক্তি,· 01970-080148
এসকে কম্পিউটার,· 01710-378513
জুম ইট সলিউশন,· 01768-482326
আব্দুল্লাহ কম্পিউটার সায়েন্স,· 01640-888882
এক্সেলেন্ট টেকনোলজি বিডি,· 01913-004278
এএন নূর আইটি সোর্স,· 01978-855233
আর কম্পিউটার প্লাস,· 01799-020349
তাকওয়া ল্যাপটপ জনে,· 01708-374850
এমসি সলিউশন বিডি ( আইডিবি ভবন ব্রাঞ্চ ),· 01407-056590
কম্পিউটার প্রাইস ইন বাংলাদেশ,· 01400-012727
Treematrik,· 01817-042433
Mirpur Computer মিরপুর কম্পিউটার,· 01921-669268
বেষ্ট ল্যাপটপ,Not Found
ও2 ট্রেড ইন্টারন্যাশনাল,· 01681-939426
Electronic Shop BD,· 01763-756221
আইটি শপ,· 01872-176467
লুসেন্ট টেক বিডি,· 01914-717349
টেক ওয়ে ল্যাপটপ বিডি,· 01629-966701
Lap Tech,· 01722-477383
আরএস ট্রেড ইন্ট,· 01845-733937
আইসেন্টের চিটাগং,· 01678-750351
Maraya Global (Mirpur Branch),· 01606-590629
